{"value_loss": 0.4101394835114479, "_timestamp": 1721120565.8497307, "policy_loss": -0.03452863142689845, "dist_entropy": 2.85383642355601, "actor_grad_norm": 0.21217215061187744, "critic_grad_norm": 0.8788182735443115, "ratio": 1.1850996017456055, "average_episode_rewards": -21.04035671800375, "Episode_Time": 108.9554648399353, "Difficulty_level": 1, "train_possession_rate": 0.6322666666666666, "_runtime": 4730.409167766571, "_step": 1020000, "train_goal_diff": -2.0, "train_goal": 0.0, "train_WDL": -0.9, "eval_goal": 0.0, "eval_WDL": -0.9, "eval_goal_diff": -2.6}