{"value_loss": 0.7566346766551336, "_timestamp": 1721115493.273879, "policy_loss": -0.024983874920289962, "dist_entropy": 2.9429297828674317, "actor_grad_norm": 0.6040338277816772, "critic_grad_norm": 6.797296047210693, "ratio": 1.0147250890731812, "average_episode_rewards": -27.499998919665813, "Episode_Time": 115.52114677429199, "Difficulty_level": 1, "train_possession_rate": 0.6977333333333334, "_runtime": 171.32504606246948, "_step": 60000}