{"value_loss": 0.1643971771001816, "_timestamp": 1724412591.1409667, "policy_loss": 0.0, "dist_entropy": 2.944439172744751, "actor_grad_norm": 0.17279449105262756, "critic_grad_norm": 0.17279449105262756, "ratio": 0.8908629417419434, "episode_length": 442.4, "total_episode_rewards": -4.010600662231445, "Episode_Time": 23.745054006576538, "difficulty_level": 1, "level_stack": 0, "train_win_rate": 0.1, "train_draw_rate": 0.8, "train_lose_rate": 0.1, "_runtime": 10544.434770584106, "_step": 172121, "eval_win_rate": 0.0, "eval_draw_rate": 0.3, "eval_lose_rate": 0.7, "_wandb": {"runtime": 10556}}