{"value_loss": 0.47320094247659045, "_timestamp": 1721724623.455, "policy_loss": -0.03676607790752314, "dist_entropy": 2.9352242231369017, "actor_grad_norm": 0.4061069190502167, "critic_grad_norm": 1.078559398651123, "ratio": 1.021903157234192, "average_episode_rewards": -26.49999875575304, "Episode_Time": 85.3667004108429, "Difficulty_level": 1, "train_possession_rate": 0.6999833333333333, "_runtime": 527.2088119983673, "_step": 300000, "train_goal_diff": -2.85, "train_goal": 0.05, "train_WDL": -0.95, "_wandb": {"runtime": 526}}