{"value_loss": 0.6251081214348475, "_timestamp": 1721115498.7975445, "policy_loss": -0.018716900705670315, "dist_entropy": 2.943003484408061, "actor_grad_norm": 0.6994926333427429, "critic_grad_norm": 5.082723140716553, "ratio": 1.0027049779891968, "average_episode_rewards": -21.000000648200512, "Episode_Time": 113.12241864204407, "Difficulty_level": 1, "train_possession_rate": 0.6907666666666668, "_runtime": 175.38485145568848, "_step": 60000}