{"value_loss": 0.24635978043079376, "_timestamp": 1724663796.2601109, "policy_loss": 0.04607382714748383, "dist_entropy": 2.8512237548828123, "actor_grad_norm": 0.0, "critic_grad_norm": 0.47397658228874207, "ratio": 0.8259496688842773, "episode_length": 410.8, "total_episode_rewards": -10.423202514648438, "Episode_Time": 15.894609451293945, "difficulty_level": 1, "level_stack": 0, "train_win_rate": 0.1, "train_draw_rate": 0.7, "train_lose_rate": 0.2, "_runtime": 400.6724407672882, "_step": 9640, "eval_win_rate": 0.0, "eval_draw_rate": 0.9, "eval_lose_rate": 0.1, "_wandb": {"runtime": 405}}