{"value_loss": 0.7329692542552948, "_timestamp": 1723718625.314131, "policy_loss": 0.1347751188278198, "dist_entropy": 2.878429288864136, "actor_grad_norm": 0.4255526661872864, "critic_grad_norm": 0.4836031198501587, "ratio": 0.42810460925102234, "episode_length": 643.0, "total_episode_rewards": 40.59610239664713, "Episode_Time": 25.59823250770569, "difficulty_level": 1, "cumulative_win_rate": 0.5126569989885232, "train_goal_diff": 0.4, "train_goal": 0.5, "train_win_rate": 0.5, "_runtime": 9114.206489086151, "_step": 262281, "eval_goal": 0.4, "eval_win_rate": 0.4, "eval_goal_diff": 0.4, "_wandb": {"runtime": 9125}}