{"value_loss": 0.5346276352306207, "_timestamp": 1721125312.4414866, "policy_loss": -0.02774665622739121, "dist_entropy": 2.940328172047933, "actor_grad_norm": 0.5649394989013672, "critic_grad_norm": 2.012521982192993, "ratio": 1.0360121726989746, "average_episode_rewards": -30.99999949336052, "Episode_Time": 111.8776285648346, "Difficulty_level": 1, "train_possession_rate": 0.6954666666666667, "_runtime": 410.07332849502563, "_step": 90000, "train_goal_diff": -2.8, "train_goal": 0.0, "train_WDL": -1.0}