{"value_loss": 0.36291806961099304, "_timestamp": 1722062605.465229, "policy_loss": 0.11023672752082347, "dist_entropy": 1.8865465346972148, "actor_grad_norm": 0.24428996443748474, "critic_grad_norm": 0.7360665798187256, "ratio": 0.44651514291763306, "total_episode_rewards": -60.0, "Difficulty_level": 1, "Episode_Time": 87.98109197616577, "train_goal_diff": -1.0, "train_goal": 0.0, "train_WDL": -1.0, "_runtime": 1164.2123410701752, "_step": 20658}