{"value_loss": 0.14052536338567734, "_timestamp": 1723478411.7805147, "policy_loss": 0.12017245441675187, "dist_entropy": 0.5385167002677917, "actor_grad_norm": 0.02302427403628826, "critic_grad_norm": 0.1500147432088852, "ratio": 0.23808717727661133, "episode_length": 443.8, "total_episode_rewards": -25.551401774088543, "Episode_Time": 7.218063116073608, "difficulty_level": 1, "level_stack": 0, "train_goal_diff": -0.2, "train_goal": 0.0, "train_WDL": 0.0, "_runtime": 734.2452886104584, "_step": 45560, "_wandb": {"runtime": 735}}