{"value_loss": 0.386645003259182, "_timestamp": 1721124541.1929247, "policy_loss": -0.028711005946291456, "dist_entropy": 2.9287116432189944, "actor_grad_norm": 0.3352367877960205, "critic_grad_norm": 1.1658889055252075, "ratio": 1.0697346925735474, "average_episode_rewards": -19.983683712780476, "Episode_Time": 124.99408793449402, "Difficulty_level": 1, "train_possession_rate": 0.7176333333333332, "_runtime": 1801.5156276226044, "_step": 330000, "train_goal_diff": -2.7, "train_goal": 0.1, "train_WDL": -1.0, "eval_goal": 0.0, "eval_WDL": -0.8, "eval_goal_diff": -2.1}