{"value_loss": 0.3792213648557663, "_timestamp": 1724399921.4394016, "policy_loss": 0.03914298675954342, "dist_entropy": 2.9135355949401855, "actor_grad_norm": 0.45846039056777954, "critic_grad_norm": 0.49905356764793396, "ratio": 0.6201009750366211, "episode_length": 334.3, "total_episode_rewards": 7.493196105957031, "Episode_Time": 16.237111568450928, "difficulty_level": 1, "level_stack": 0, "train_win_rate": 0.3, "train_draw_rate": 0.5, "train_lose_rate": 0.2, "_runtime": 170.6967647075653, "_step": 4066, "_wandb": {"runtime": 173}}