{"value_loss": 0.49747394705812137, "_timestamp": 1721124594.7266822, "policy_loss": -0.035726781002401065, "dist_entropy": 2.923322145144145, "actor_grad_norm": 0.34412017464637756, "critic_grad_norm": 1.5291016101837158, "ratio": 1.0796666145324707, "average_episode_rewards": -27.979047037661076, "Episode_Time": 111.53091835975647, "Difficulty_level": 1, "train_possession_rate": 0.6561999999999999, "_runtime": 1857.7969472408295, "_step": 360000, "train_goal_diff": -2.7, "train_goal": 0.0, "train_WDL": -1.0, "eval_goal": 0.0, "eval_WDL": -0.8, "eval_goal_diff": -2.4}