{"value_loss": 0.3659642771010598, "_timestamp": 1721125285.4034252, "policy_loss": -0.029126108708551326, "dist_entropy": 2.939687272707621, "actor_grad_norm": 0.5654080510139465, "critic_grad_norm": 2.0009984970092773, "ratio": 1.0369532108306885, "average_episode_rewards": -21.999999415129423, "Episode_Time": 94.91381978988647, "Difficulty_level": 1, "train_possession_rate": 0.6508666666666667, "_runtime": 383.8821461200714, "_step": 90000, "train_goal_diff": -3.1, "train_goal": 0.0, "train_WDL": -1.0}