{"value_loss": 0.40216323373218377, "_timestamp": 1722062585.113221, "policy_loss": 0.03790998356358614, "dist_entropy": 1.850818732579549, "actor_grad_norm": 0.9748656153678894, "critic_grad_norm": 0.4094139337539673, "ratio": 0.5613258481025696, "total_episode_rewards": -90.0, "Difficulty_level": 1, "Episode_Time": 96.76475882530212, "train_goal_diff": -1.0, "train_goal": 0.0, "train_WDL": -1.0, "_runtime": 1131.0961329936981, "_step": 13265}