{"value_loss": 0.5016905844211579, "_timestamp": 1723482799.1536703, "policy_loss": 0.06977534890174866, "dist_entropy": 2.9354183673858643, "actor_grad_norm": 0.22336022555828094, "critic_grad_norm": 0.22336022555828094, "ratio": 0.6586009860038757, "episode_length": 942.8, "total_episode_rewards": -70.05299886067708, "Episode_Time": 18.29230785369873, "difficulty_level": 1, "level_stack": 0, "train_goal_diff": -0.6, "train_goal": 0.1, "train_WDL": 0.1, "_runtime": 45.5572292804718, "_step": 1847, "_wandb": {"runtime": 60}}