{"value_loss": 0.43106397092342374, "_timestamp": 1723522464.840567, "policy_loss": -0.00664023298304528, "dist_entropy": 1.1151303410530091, "actor_grad_norm": 0.4710288643836975, "critic_grad_norm": 0.29470014572143555, "ratio": 0.8662381172180176, "episode_length": 498.7, "total_episode_rewards": -14.618002573649088, "Episode_Time": 19.305559873580933, "difficulty_level": 1, "level_stack": 48, "train_goal_diff": -0.1, "train_goal": 0.4, "train_WDL": 0.4, "_runtime": 39757.577134132385, "_step": 1310847}