{"value_loss": 0.3485740929841995, "_timestamp": 1723484919.8060725, "policy_loss": -0.008084726548258914, "dist_entropy": 1.6750689268112182, "actor_grad_norm": 0.24644772708415985, "critic_grad_norm": 0.1556968092918396, "ratio": 0.9971192479133606, "episode_length": 936.2, "total_episode_rewards": -21.294002532958984, "Episode_Time": 19.348109483718872, "difficulty_level": 1, "level_stack": 0, "train_goal_diff": -0.1, "train_goal": 0.2, "train_WDL": 0.2, "_runtime": 2212.5426394939423, "_step": 104557}