{"value_loss": 0.3885650991415605, "_timestamp": 1723195745.588176, "policy_loss": 0.10434818625682965, "dist_entropy": 2.8754656302928923, "actor_grad_norm": 1.1560275554656982, "critic_grad_norm": 0.35337409377098083, "ratio": 0.7401221394538879, "episode_length": 1116.9, "total_episode_rewards": -14.467999776204428, "Episode_Time": 80.42795133590698, "difficulty_level": 1, "level_stack": 0, "train_goal_diff": -0.3, "train_goal": 0.1, "train_WDL": 0.1, "_runtime": 3899.532320022583, "_step": 47788}