{"value_loss": 0.6938424646481871, "_timestamp": 1723706128.6047165, "policy_loss": 0.01770368586294353, "dist_entropy": 2.9415172719955445, "actor_grad_norm": 0.2542738914489746, "critic_grad_norm": 0.657318651676178, "ratio": 0.5566044449806213, "episode_length": 835.0, "total_episode_rewards": 64.7009989420573, "Episode_Time": 29.313481092453003, "difficulty_level": 1, "level_stack": 1, "train_goal_diff": 0.7, "train_goal": 0.8, "train_WDL": 0.8, "_runtime": 115.99631762504578, "_step": 3711, "_wandb": {"runtime": 137}}