{"value_loss": 0.384927079230547, "_timestamp": 1721125279.4664378, "policy_loss": -0.048671213067912805, "dist_entropy": 2.9396830415725708, "actor_grad_norm": 0.5425175428390503, "critic_grad_norm": 2.389163017272949, "ratio": 1.0483512878417969, "average_episode_rewards": -26.999998837709427, "Episode_Time": 97.54476284980774, "Difficulty_level": 1, "train_possession_rate": 0.7076333333333334, "_runtime": 378.2141547203064, "_step": 90000, "train_goal_diff": -2.4, "train_goal": 0.0, "train_WDL": -0.9}