{"value_loss": 0.40246737191453574, "_timestamp": 1723189055.613467, "policy_loss": 0.026749676540493966, "dist_entropy": 2.933081655502319, "actor_grad_norm": 0.24147292971611023, "critic_grad_norm": 0.4272921681404114, "ratio": 0.8097863793373108, "episode_length": 1214.2, "total_episode_rewards": -66.22300211588542, "Episode_Time": 45.041537284851074, "difficulty_level": 1, "level_stack": 0, "train_goal_diff": -0.6, "train_goal": 0.0, "train_WDL": -0.6, "_runtime": 642.4932429790497, "_step": 13645, "_wandb": {"runtime": 668}}