{"value_loss": 0.4443351219097773, "_timestamp": 1721120477.145233, "policy_loss": -0.0361475367040839, "dist_entropy": 2.894685352643331, "actor_grad_norm": 0.20989824831485748, "critic_grad_norm": 0.9946697354316711, "ratio": 1.1693438291549683, "average_episode_rewards": -24.00000113993883, "Episode_Time": 126.00373721122742, "Difficulty_level": 1, "train_possession_rate": 0.69445, "_runtime": 4602.505934000015, "_step": 1440000, "train_goal_diff": -2.35, "train_goal": 0.1, "train_WDL": -0.9, "eval_goal": 0.1, "eval_WDL": -0.8, "eval_goal_diff": -2.0}