{"value_loss": 0.06940328722198805, "_timestamp": 1722018252.9941897, "policy_loss": 0.09670449597140153, "dist_entropy": 2.942893486022949, "actor_grad_norm": 0.42588961124420166, "critic_grad_norm": 0.10968983918428421, "ratio": 0.24486809968948364, "total_episode_rewards": -30.0, "Difficulty_level": 1, "Episode_Time": 117.71893358230591, "train_goal_diff": -0.7363015208287415, "train_goal": 0.13184923958562927, "train_WDL": -0.7363015208287415, "_runtime": 313.42569971084595, "_step": 2771}