{"value_loss": 0.44103040168682733, "_timestamp": 1721120514.0763805, "policy_loss": -0.025743299834430217, "dist_entropy": 2.901913421948751, "actor_grad_norm": 0.1988549828529358, "critic_grad_norm": 0.865017294883728, "ratio": 1.1132762432098389, "average_episode_rewards": -20.500000566244125, "Episode_Time": 135.2674217224121, "Difficulty_level": 1, "train_possession_rate": 0.6985833333333333, "_runtime": 4639.164007425308, "_step": 1380000, "train_goal_diff": -2.55, "train_goal": 0.05, "train_WDL": -0.9, "eval_goal": 0.0, "eval_WDL": -1.0, "eval_goal_diff": -2.6}