{"value_loss": 0.04451653511147015, "_timestamp": 1722017711.8954391, "policy_loss": 0.09773274118701616, "dist_entropy": 2.918778796195984, "actor_grad_norm": 0.1736297905445099, "critic_grad_norm": 0.21052277088165283, "ratio": 0.3742637038230896, "total_episode_rewards": -30.0, "Difficulty_level": 1, "Episode_Time": 103.2963216304779, "train_goal_diff": -1.0, "train_goal": 0.0, "train_WDL": -1.0, "_runtime": 241.87242722511292, "_step": 2835}