{"value_loss": 0.5049736851453781, "_timestamp": 1722588627.736024, "policy_loss": -0.01847814436730308, "dist_entropy": 1.3569462203979492, "actor_grad_norm": 0.2416875809431076, "critic_grad_norm": 0.3750435709953308, "ratio": 0.9564551115036011, "episode_length": 1218.9, "total_episode_rewards": -89.7730712890625, "Difficulty_level": 1, "Episode_Time": 61.23222804069519, "train_goal_diff": -0.9, "train_goal": 0.0, "train_WDL": -0.9, "_runtime": 4962.163631916046, "_step": 119713}