{"value_loss": 0.274262084128956, "_timestamp": 1721956842.9853947, "policy_loss": -0.0015707649713537345, "dist_entropy": 2.8611760632197063, "actor_grad_norm": 0.23298931121826172, "critic_grad_norm": 0.1617855429649353, "ratio": 0.9996733665466309, "total_episode_rewards": -100.0, "Difficulty_level": 1, "Episode_Time": 133.15183305740356, "train_goal_diff": -1.0, "train_goal": 0.0, "train_WDL": -1.0, "_runtime": 48371.70229077339, "_step": 28389}