{"value_loss": 0.3807913341373205, "_timestamp": 1723720183.9243686, "policy_loss": -0.06282875768069061, "dist_entropy": 2.8796883964538575, "actor_grad_norm": 1.1322884559631348, "critic_grad_norm": 1.2604215145111084, "ratio": 0.8699337840080261, "episode_length": 430.5, "total_episode_rewards": 30.698099772135418, "Episode_Time": 10.669556140899658, "difficulty_level": 1, "cumulative_win_rate": 0.20559999999999998, "train_goal_diff": 0.3, "train_goal": 0.3, "train_win_rate": 0.3, "_runtime": 288.50425958633423, "_step": 10248, "eval_goal": 0.1, "eval_win_rate": 0.1, "eval_goal_diff": 0.1}