{"value_loss": 0.37793355736881495, "_timestamp": 1723462535.8688881, "policy_loss": 0.16803532034158708, "dist_entropy": 1.4207822918891906, "actor_grad_norm": 0.13261477649211884, "critic_grad_norm": 0.5884047746658325, "ratio": 0.40211695432662964, "episode_length": 726.7, "total_episode_rewards": 0.0, "Episode_Time": 14.44499683380127, "difficulty_level": 1, "level_stack": 0, "train_goal_diff": 0.0, "train_goal": 0.2, "train_WDL": 0.2, "_runtime": 265.9238202571869, "_step": 13406, "_wandb": {"runtime": 274}}