{"value_loss": 0.45564059654871625, "_timestamp": 1721832556.0176828, "policy_loss": -0.030294224452227354, "dist_entropy": 2.6854703442255654, "actor_grad_norm": 0.16368335485458374, "critic_grad_norm": 0.5185309052467346, "ratio": 1.2459722757339478, "average_episode_rewards": -27.9999990016222, "Episode_Time": 78.413076877594, "Difficulty_level": 1, "train_possession_rate": 0.6798666666666666, "_runtime": 38484.76478385925, "_step": 20760000, "train_goal_diff": -2.35, "train_goal": 0.3, "train_WDL": -0.85, "eval_goal": 0.3, "eval_WDL": -1.0, "eval_goal_diff": -3.3}