{"value_loss": 1.4394839624563853, "_timestamp": 1721115485.683448, "policy_loss": -0.024562879744529104, "dist_entropy": 2.9430136982599895, "actor_grad_norm": 0.6407521367073059, "critic_grad_norm": 8.555196762084961, "ratio": 1.0098146200180054, "average_episode_rewards": -28.499999083578587, "Episode_Time": 112.61272716522217, "Difficulty_level": 1, "train_possession_rate": 0.6737166666666666, "_runtime": 162.29334497451782, "_step": 60000}