{"value_loss": 0.4952641500035922, "_timestamp": 1721120551.2864947, "policy_loss": -0.026463379516693142, "dist_entropy": 2.86686528523763, "actor_grad_norm": 0.23561038076877594, "critic_grad_norm": 1.0255845785140991, "ratio": 1.2304332256317139, "average_episode_rewards": -29.05823104083538, "Episode_Time": 100.89617705345154, "Difficulty_level": 1, "train_possession_rate": 0.6805, "_runtime": 4717.790264844894, "_step": 1020000, "train_goal_diff": -2.6, "train_goal": 0.0, "train_WDL": -1.0, "eval_goal": 0.1, "eval_WDL": -0.9, "eval_goal_diff": -3.1}