{"value_loss": 0.33439324498176576, "_timestamp": 1724399889.337352, "policy_loss": 0.0, "dist_entropy": 2.9444305181503294, "actor_grad_norm": 0.28860169649124146, "critic_grad_norm": 0.28860169649124146, "ratio": 0.8525938391685486, "episode_length": 422.2, "total_episode_rewards": -43.01020202636719, "Episode_Time": 24.77751612663269, "difficulty_level": 1, "level_stack": 0, "train_win_rate": 0.0, "train_draw_rate": 0.6, "train_lose_rate": 0.4, "_runtime": 57.774758100509644, "_step": 866, "_wandb": {"runtime": 77}}