{"value_loss": 0.496124247405678, "_timestamp": 1723707574.8346305, "policy_loss": -0.010249949272256344, "dist_entropy": 2.9285316705703734, "actor_grad_norm": 0.3142564594745636, "critic_grad_norm": 0.3905333876609802, "ratio": 0.7438169121742249, "episode_length": 1116.6, "total_episode_rewards": 39.628997802734375, "Episode_Time": 27.40588665008545, "difficulty_level": 1, "level_stack": 7, "train_goal_diff": 0.4, "train_goal": 0.5, "train_WDL": 0.5, "_runtime": 1072.6239984035492, "_step": 36756, "eval_goal": 0.0, "eval_WDL": 0.0, "eval_goal_diff": 0.0, "_wandb": {"runtime": 1076}}