{"value_loss": 0.4610577976206938, "_timestamp": 1722068019.613902, "policy_loss": 0.1043998533875371, "dist_entropy": 2.9171810801823934, "actor_grad_norm": 0.178202286362648, "critic_grad_norm": 0.3784763216972351, "ratio": 0.3086335361003876, "total_episode_rewards": -80.0, "Difficulty_level": 1, "Episode_Time": 66.99543976783752, "train_goal_diff": -0.8, "train_goal": 0.1, "train_WDL": -0.8, "_runtime": 5236.70947599411, "_step": 60022}