{"value_loss": 0.5214610231171052, "_timestamp": 1722061110.4817927, "policy_loss": 0.044388012893032285, "dist_entropy": 2.941887796719869, "actor_grad_norm": 0.5349865555763245, "critic_grad_norm": 0.5160251259803772, "ratio": 0.3096367418766022, "total_episode_rewards": -80.0, "Difficulty_level": 1, "Episode_Time": 88.28100991249084, "train_goal_diff": -0.6893653307345596, "train_goal": 0.15531733463272018, "train_WDL": -0.6893653307345596, "_runtime": 466.4685106277466, "_step": 6520}