{"value_loss": 0.211058094965944, "_timestamp": 1721888348.063918, "policy_loss": -0.0074659129745123206, "dist_entropy": 2.8187497663497925, "actor_grad_norm": 0.12268154323101044, "critic_grad_norm": 0.03137484937906265, "ratio": 0.9992735981941223, "total_episode_rewards": 0.0, "Episode_Time": 38.44059634208679, "Difficulty_level": 1, "train_goal_diff": -0.004877281308999371, "train_goal": 0.0, "train_WDL": -0.004877281308999371, "_runtime": 55284.9669342041, "_step": 17700000, "eval_goal": 0.0, "eval_WDL": -0.7, "eval_goal_diff": -0.7}