{"value_loss": 4.461255073547363, "_timestamp": 1724675823.3688202, "policy_loss": 0.394058758020401, "dist_entropy": 2.067339372634888, "actor_grad_norm": 0.0, "critic_grad_norm": 0.5287186503410339, "ratio": 0.7095953822135925, "episode_length": 358.3, "total_episode_rewards": -43.81800231933594, "Episode_Time": 16.290748596191406, "difficulty_level": 1, "level_stack": 0, "train_win_rate": 0.1, "train_draw_rate": 0.5, "train_lose_rate": 0.4, "_runtime": 11924.08852314949, "_step": 279113, "eval_win_rate": 0.0, "eval_draw_rate": 0.6, "eval_lose_rate": 0.4, "_wandb": {"runtime": 11933}}