{"value_loss": 0.10866516642582913, "_timestamp": 1722577198.9421055, "policy_loss": -0.03633313783589984, "dist_entropy": 1.9464234018325806, "actor_grad_norm": 0.3343272805213928, "critic_grad_norm": 0.45387324690818787, "ratio": 0.9679485559463501, "episode_length": 1515.4, "total_episode_rewards": -5.754551887512207, "Difficulty_level": 1, "Episode_Time": 48.73130750656128, "train_goal_diff": -0.6, "train_goal": 0.1, "train_WDL": -0.6, "_runtime": 649.2165884971619, "_step": 23115}