{"value_loss": 0.1246895894621169, "_timestamp": 1721919525.8961148, "policy_loss": -0.009434166544257702, "dist_entropy": 2.8496765025456745, "actor_grad_norm": 0.1388615518808365, "critic_grad_norm": 0.3146849572658539, "ratio": 1.0011203289031982, "total_episode_rewards": -20.0, "Difficulty_level": 1, "Episode_Time": 88.06634473800659, "train_goal_diff": -1.0, "train_goal": 0.0, "train_WDL": -1.0, "_runtime": 9281.166020870209, "_step": 12016}