{"value_loss": 0.37085404256979626, "_timestamp": 1721124416.6167667, "policy_loss": -0.011764395593636436, "dist_entropy": 2.9289357153574627, "actor_grad_norm": 0.2666356861591339, "critic_grad_norm": 1.5402673482894897, "ratio": 1.0711352825164795, "average_episode_rewards": -24.00000113993883, "Episode_Time": 133.07390570640564, "Difficulty_level": 1, "train_possession_rate": 0.6595500000000001, "_runtime": 1707.5258266925812, "_step": 540000, "train_goal_diff": -2.65, "train_goal": 0.05, "train_WDL": -1.0, "eval_goal": 0.0, "eval_WDL": -1.0, "eval_goal_diff": -2.4}