{"value_loss": 0.37908991232514383, "_timestamp": 1721124624.3576574, "policy_loss": -0.033394268747360914, "dist_entropy": 2.922980219523112, "actor_grad_norm": 0.3656857907772064, "critic_grad_norm": 1.1438674926757812, "ratio": 1.060064673423767, "average_episode_rewards": -24.98416230082512, "Episode_Time": 117.49699354171753, "Difficulty_level": 1, "train_possession_rate": 0.6952666666666667, "_runtime": 1887.3306183815002, "_step": 390000, "train_goal_diff": -2.2, "train_goal": 0.0, "train_WDL": -1.0, "eval_goal": 0.0, "eval_WDL": -1.0, "eval_goal_diff": -2.0}