{"value_loss": 0.4181488795081774, "_timestamp": 1721124590.9385312, "policy_loss": -0.03186720542163433, "dist_entropy": 2.930876596768697, "actor_grad_norm": 0.2944662570953369, "critic_grad_norm": 1.8574676513671875, "ratio": 1.0706037282943726, "average_episode_rewards": -26.999998837709427, "Episode_Time": 156.62301111221313, "Difficulty_level": 1, "train_possession_rate": 0.6538333333333334, "_runtime": 1882.6475222110748, "_step": 540000, "train_goal_diff": -2.35, "train_goal": 0.1, "train_WDL": -1.0, "eval_goal": 0.1, "eval_WDL": -0.8, "eval_goal_diff": -2.0}