{"value_loss": 0.4297218233346939, "_timestamp": 1723482028.1959875, "policy_loss": 0.17376454472541808, "dist_entropy": 0.944539999961853, "actor_grad_norm": 0.3612465560436249, "critic_grad_norm": 1.5957756042480469, "ratio": 0.11614147573709488, "episode_length": 471.5, "total_episode_rewards": -18.914300282796223, "Episode_Time": 6.627915143966675, "difficulty_level": 1, "level_stack": 0, "train_goal_diff": -0.2, "train_goal": 0.0, "train_WDL": 0.0, "_runtime": 9263.328333377838, "_step": 540995, "_wandb": {"runtime": 9266}}