{"value_loss": 0.3864566821263482, "_timestamp": 1721888308.7520735, "policy_loss": -0.00937018426368013, "dist_entropy": 2.8435026295979817, "actor_grad_norm": 0.16112098097801208, "critic_grad_norm": 0.188688263297081, "ratio": 1.000573992729187, "total_episode_rewards": 0.0, "Episode_Time": 79.1969358921051, "Difficulty_level": 1, "train_goal_diff": -0.6898141868981419, "train_goal": 0.0, "train_WDL": -0.6898141868981419, "_runtime": 55245.632672548294, "_step": 17580000, "eval_goal": 0.1, "eval_WDL": -0.7, "eval_goal_diff": -0.7}