{"value_loss": 0.5351232426107163, "_timestamp": 1723189921.2297904, "policy_loss": 0.0372350255330457, "dist_entropy": 2.9248093409538267, "actor_grad_norm": 0.16436758637428284, "critic_grad_norm": 0.02634013630449772, "ratio": 0.543020486831665, "episode_length": 776.9, "total_episode_rewards": -54.23400370279948, "Episode_Time": 116.37673020362854, "difficulty_level": 1, "level_stack": 0, "train_goal_diff": -0.5, "train_goal": 0.1, "train_WDL": -0.5, "_runtime": 702.393604516983, "_step": 5637, "_wandb": {"runtime": 724}}