{"value_loss": 0.2965333901066333, "_timestamp": 1723522139.6593359, "policy_loss": 0.11118027120828629, "dist_entropy": 1.2837044930458068, "actor_grad_norm": 0.07617541402578354, "critic_grad_norm": 0.3748035728931427, "ratio": 0.6183375716209412, "episode_length": 915.2, "total_episode_rewards": -34.034200032552086, "Episode_Time": 13.063410520553589, "difficulty_level": 1, "level_stack": 0, "train_goal_diff": -0.3, "train_goal": 0.0, "train_WDL": 0.0, "_runtime": 652.539048910141, "_step": 37466, "_wandb": {"runtime": 660}}