{"value_loss": 0.06393022178206592, "_timestamp": 1722577166.4482422, "policy_loss": -0.035969555067519345, "dist_entropy": 2.3919832611083987, "actor_grad_norm": 0.31686314940452576, "critic_grad_norm": 0.7669894099235535, "ratio": 1.0012617111206055, "episode_length": 2245.9, "total_episode_rewards": -4.784600257873535, "Difficulty_level": 1, "Episode_Time": 46.17033576965332, "train_goal_diff": -0.5, "train_goal": 0.0, "train_WDL": -0.5, "_runtime": 381.38232421875, "_step": 15118}