{"value_loss": 0.34468627171590926, "_timestamp": 1722053540.8102474, "policy_loss": 0.013371669190237299, "dist_entropy": 2.8939707183837893, "actor_grad_norm": 0.1100037693977356, "critic_grad_norm": 0.1495240181684494, "ratio": 1.0002537965774536, "total_episode_rewards": -70.0, "Difficulty_level": 1, "Episode_Time": 99.08258509635925, "train_goal_diff": -0.6941212807577474, "train_goal": 0.15293935962112631, "train_WDL": -0.6941212807577474, "_runtime": 75320.16224837303, "_step": 904869}