{"value_loss": 0.3722730649759372, "_timestamp": 1722583503.377337, "policy_loss": -0.04147484215907753, "dist_entropy": 1.6349317526817322, "actor_grad_norm": 0.3763711750507355, "critic_grad_norm": 0.3654541075229645, "ratio": 0.9910850524902344, "episode_length": 1477.7, "total_episode_rewards": -69.75867462158203, "Difficulty_level": 1, "Episode_Time": 60.223775148391724, "train_goal_diff": -0.7, "train_goal": 0.0, "train_WDL": -0.7, "_runtime": 2317.658935070038, "_step": 49001}