{"value_loss": 0.6509890675544738, "_timestamp": 1723196338.6371238, "policy_loss": 0.17535570561885833, "dist_entropy": 2.9443734169006346, "actor_grad_norm": 0.07188230752944946, "critic_grad_norm": 0.8855761885643005, "ratio": 0.5006640553474426, "episode_length": 750.9, "total_episode_rewards": -31.092999776204426, "Episode_Time": 60.38595414161682, "difficulty_level": 1, "level_stack": 0, "train_goal_diff": -0.9, "train_goal": 0.0, "train_WDL": 0.0, "_runtime": 371.53015089035034, "_step": 5484}