{"value_loss": 0.17286478855647147, "_timestamp": 1723706440.3482113, "policy_loss": 0.002233061892911792, "dist_entropy": 2.940912671089172, "actor_grad_norm": 0.22527769207954407, "critic_grad_norm": 0.4950103759765625, "ratio": 0.9295899868011475, "episode_length": 1394.8, "total_episode_rewards": 19.583099365234375, "Episode_Time": 24.368998765945435, "difficulty_level": 1, "level_stack": 1, "train_goal_diff": 0.2, "train_goal": 0.2, "train_WDL": 0.2, "_runtime": 129.81107330322266, "_step": 5937, "_wandb": {"runtime": 135}}