{"value_loss": 0.38103922714789706, "_timestamp": 1721832593.7546532, "policy_loss": -0.030927729678029814, "dist_entropy": 2.699948499997457, "actor_grad_norm": 0.14378970861434937, "critic_grad_norm": 0.2500339448451996, "ratio": 1.2702627182006836, "average_episode_rewards": -21.000000648200512, "Episode_Time": 81.8968276977539, "Difficulty_level": 1, "train_possession_rate": 0.6944666666666666, "_runtime": 38522.37093925476, "_step": 20580000, "train_goal_diff": -1.9, "train_goal": 0.2, "train_WDL": -0.9, "eval_goal": 0.0, "eval_WDL": -0.9, "eval_goal_diff": -1.8}