{"value_loss": 1.919870654741923, "_timestamp": 1721115507.3126824, "policy_loss": -0.009907513211946934, "dist_entropy": 2.9432065931955975, "actor_grad_norm": 0.783642590045929, "critic_grad_norm": 5.504976749420166, "ratio": 0.9998495578765869, "average_episode_rewards": -25.999998673796654, "Episode_Time": 127.27015137672424, "Difficulty_level": 1, "train_possession_rate": 0.6932333333333334, "_runtime": 183.06536531448364, "_step": 60000}