{"value_loss": 0.0012554352229926734, "_timestamp": 1724042585.3061655, "policy_loss": -0.0660816276770845, "dist_entropy": 2.606712818145752, "actor_grad_norm": 0.818901538848877, "critic_grad_norm": 0.08624602854251862, "ratio": 1.1541574001312256, "episode_length": 500.0, "total_episode_rewards": 0.14640001058578492, "Episode_Time": 20.6967351436615, "difficulty_level": 4, "cumulative_eval_win_rate": 0.1, "train_win_rate": 0.0, "train_draw_rate": 1.0, "train_lose_rate": 0.0, "_runtime": 37952.049684524536, "_step": 620750, "eval_win_rate": 0.1, "eval_draw_rate": 0.9, "eval_lose_rate": 0.0}