{"value_loss": 0.6083333114596705, "_timestamp": 1722018312.3337805, "policy_loss": 0.05509762201070165, "dist_entropy": 2.790463538169861, "actor_grad_norm": 0.2114146500825882, "critic_grad_norm": 0.8340861797332764, "ratio": 0.2830425202846527, "total_episode_rewards": -90.0, "Difficulty_level": 1, "Episode_Time": 78.35570693016052, "train_goal_diff": -1.0, "train_goal": 0.0, "train_WDL": -1.0, "_runtime": 403.9045264720917, "_step": 4226}