{"value_loss": 0.15090114523967108, "_timestamp": 1723471388.2979252, "policy_loss": 0.11165910313526789, "dist_entropy": 1.0895442008972167, "actor_grad_norm": 0.02432628534734249, "critic_grad_norm": 0.11557157337665558, "ratio": 0.5496594905853271, "episode_length": 442.4, "total_episode_rewards": -19.977999369303387, "Episode_Time": 7.823580980300903, "difficulty_level": 1, "level_stack": 0, "train_goal_diff": -0.2, "train_goal": 0.0, "train_WDL": 0.0, "_runtime": 2415.933181285858, "_step": 143192, "_wandb": {"runtime": 2418}}