{"value_loss": 0.3971240971485774, "_timestamp": 1721724653.0537734, "policy_loss": -0.038642691359079134, "dist_entropy": 2.934920614560445, "actor_grad_norm": 0.4063458740711212, "critic_grad_norm": 1.1701626777648926, "ratio": 1.0244853496551514, "average_episode_rewards": -24.500001221895218, "Episode_Time": 89.58594083786011, "Difficulty_level": 1, "train_possession_rate": 0.7130333333333334, "_runtime": 556.4883584976196, "_step": 300000, "train_goal_diff": -2.55, "train_goal": 0.15, "train_WDL": -0.85, "_wandb": {"runtime": 555}}