{"value_loss": 0.29014275074005125, "_timestamp": 1724400474.9799423, "policy_loss": 0.0, "dist_entropy": 2.9444382190704346, "actor_grad_norm": 0.27149710059165955, "critic_grad_norm": 0.27149710059165955, "ratio": 0.8417874574661255, "episode_length": 416.5, "total_episode_rewards": -42.99630126953125, "Episode_Time": 24.422374963760376, "difficulty_level": 1, "level_stack": 0, "train_win_rate": 0.0, "train_draw_rate": 0.6, "train_lose_rate": 0.4, "_runtime": 330.44277834892273, "_step": 5413, "_wandb": {"runtime": 329}}