{"value_loss": 0.4361077677210172, "_timestamp": 1721832597.4156778, "policy_loss": -0.0298541418389262, "dist_entropy": 2.6843324263890582, "actor_grad_norm": 0.1453585922718048, "critic_grad_norm": 0.563397228717804, "ratio": 1.2272001504898071, "average_episode_rewards": -20.500000566244125, "Episode_Time": 82.6795723438263, "Difficulty_level": 1, "train_possession_rate": 0.70355, "_runtime": 38526.08676171303, "_step": 20760000, "train_goal_diff": -2.25, "train_goal": 0.35, "train_WDL": -0.9, "eval_goal": 0.0, "eval_WDL": -1.0, "eval_goal_diff": -2.5}