{"value_loss": 0.3419427597274383, "_timestamp": 1721120566.5175073, "policy_loss": -0.03249985314517592, "dist_entropy": 2.8664150762557985, "actor_grad_norm": 0.22092969715595245, "critic_grad_norm": 0.7039563655853271, "ratio": 1.1944044828414917, "average_episode_rewards": -20.046116318553686, "Episode_Time": 109.73996138572693, "Difficulty_level": 1, "train_possession_rate": 0.6969, "_runtime": 4731.5538873672485, "_step": 1020000, "train_goal_diff": -2.7, "train_goal": 0.0, "train_WDL": -0.9, "eval_goal": 0.0, "eval_WDL": -0.6, "eval_goal_diff": -1.2}