{"value_loss": 0.317997682467103, "_timestamp": 1723707120.641514, "policy_loss": 0.012465191734954716, "dist_entropy": 2.910357689857483, "actor_grad_norm": 0.37173694372177124, "critic_grad_norm": 0.5271822214126587, "ratio": 0.8291488289833069, "episode_length": 1243.6, "total_episode_rewards": -20.42409896850586, "Episode_Time": 25.288236141204834, "difficulty_level": 1, "level_stack": 10, "train_goal_diff": -0.2, "train_goal": 0.1, "train_WDL": 0.1, "_runtime": 863.8764431476593, "_step": 30044, "eval_goal": 0.2, "eval_WDL": 0.2, "eval_goal_diff": 0.2, "_wandb": {"runtime": 876}}