{"value_loss": 0.22539557069540023, "_timestamp": 1724401068.9649282, "policy_loss": -0.013329510972835124, "dist_entropy": 2.805436301231384, "actor_grad_norm": 0.32967010140419006, "critic_grad_norm": 0.8618952035903931, "ratio": 0.8872289061546326, "episode_length": 426.6, "total_episode_rewards": -13.563401794433593, "Episode_Time": 16.564141511917114, "difficulty_level": 1, "level_stack": 0, "train_win_rate": 0.1, "train_draw_rate": 0.7, "train_lose_rate": 0.2, "_runtime": 942.326672077179, "_step": 23207, "eval_win_rate": 0.1, "eval_draw_rate": 0.3, "eval_lose_rate": 0.6, "_wandb": {"runtime": 956}}