{"value_loss": 0.5076417326927185, "_timestamp": 1723484924.9281554, "policy_loss": -0.012591500798384914, "dist_entropy": 2.861449670791626, "actor_grad_norm": 0.2733914852142334, "critic_grad_norm": 0.4005356729030609, "ratio": 1.000645399093628, "total_episode_rewards": -87.74901326497395, "Episode_Time": 19.499865531921387, "difficulty_level": 1, "level_stack": 0, "train_goal_diff": -0.6363636363636364, "train_goal": 0.18181818181818182, "train_WDL": 0.18181818181818182, "_runtime": 874.2408154010773, "_step": 64500}