{"value_loss": 0.5122686445713043, "_timestamp": 1723485221.4810557, "policy_loss": -0.012520954260753569, "dist_entropy": 2.846428656578064, "actor_grad_norm": 0.26033249497413635, "critic_grad_norm": 0.34573572874069214, "ratio": 1.0000600814819336, "total_episode_rewards": -63.318013509114586, "Episode_Time": 19.786576986312866, "difficulty_level": 1, "level_stack": 0, "train_goal_diff": -0.45454545454545453, "train_goal": 0.2727272727272727, "train_WDL": 0.2727272727272727, "_runtime": 1170.7937157154083, "_step": 87000, "_wandb": {"runtime": 37257}}