{"value_loss": 0.30400563101594646, "_timestamp": 1722521189.1983728, "policy_loss": 0.0048085319821257145, "dist_entropy": 2.8090937328338623, "actor_grad_norm": 0.22263097763061523, "critic_grad_norm": 1.4943928718566895, "ratio": 0.5613517165184021, "episode_length": 1636.6, "total_episode_rewards": -23.98509979248047, "Difficulty_level": 1, "Episode_Time": 69.2965841293335, "train_goal_diff": -0.8, "train_goal": 0.0, "train_WDL": -0.8, "_runtime": 5426.077900886536, "_step": 101487, "_wandb": {"runtime": 5474}}