{"value_loss": 0.3487918407842517, "_timestamp": 1722519998.3285887, "policy_loss": -0.00659597717031526, "dist_entropy": 2.8185857645670573, "actor_grad_norm": 0.2322869747877121, "critic_grad_norm": 0.979578971862793, "ratio": 0.5275304913520813, "episode_length": 1517.6, "total_episode_rewards": -20.95250066121419, "Difficulty_level": 1, "Episode_Time": 64.66810631752014, "train_goal_diff": -0.7, "train_goal": 0.1, "train_WDL": -0.7, "_runtime": 4235.208116769791, "_step": 77561}