{"value_loss": 0.35504986215382817, "_timestamp": 1722061118.7937274, "policy_loss": 0.04959865448550166, "dist_entropy": 2.8462978490193684, "actor_grad_norm": 0.4367793798446655, "critic_grad_norm": 0.7656224370002747, "ratio": 0.3956473767757416, "total_episode_rewards": -80.0, "Difficulty_level": 1, "Episode_Time": 89.14223527908325, "train_goal_diff": -1.0, "train_goal": 0.0, "train_WDL": -1.0, "_runtime": 461.70634937286377, "_step": 5567}