{"value_loss": 0.14957331418991088, "_timestamp": 1724401532.2552776, "policy_loss": 0.0, "dist_entropy": 2.9444382190704346, "actor_grad_norm": 0.10010373592376709, "critic_grad_norm": 0.10010373592376709, "ratio": 0.9009036421775818, "episode_length": 447.7, "total_episode_rewards": -4.027200317382812, "Episode_Time": 24.837390661239624, "difficulty_level": 1, "level_stack": 0, "train_win_rate": 0.1, "train_draw_rate": 0.8, "train_lose_rate": 0.1, "_runtime": 306.7773027420044, "_step": 5413, "_wandb": {"runtime": 306}}