{"value_loss": 0.2831533938646317, "_timestamp": 1724004415.9640856, "policy_loss": -0.041543899662792684, "dist_entropy": 2.6966641902923585, "actor_grad_norm": 0.6479899287223816, "critic_grad_norm": 0.12046340852975845, "ratio": 0.7154442071914673, "episode_length": 332.2, "total_episode_rewards": 39.985400390625, "Episode_Time": 29.024832487106323, "difficulty_level": 1, "cumulative_eval_win_rate": 0.5, "train_win_rate": 0.4, "train_draw_rate": 0.6, "train_lose_rate": 0.0, "_runtime": 4241.734859466553, "_step": 54666, "eval_win_rate": 0.5, "eval_draw_rate": 0.5, "eval_lose_rate": 0.0, "_wandb": {"runtime": 4244}}