{"value_loss": 0.41751171559095385, "_timestamp": 1723521302.707448, "policy_loss": 0.1888379707932472, "dist_entropy": 1.6176808404922485, "actor_grad_norm": 0.3257036805152893, "critic_grad_norm": 0.3257036805152893, "ratio": 0.6832264065742493, "episode_length": 681.2, "total_episode_rewards": -13.115797678629557, "Episode_Time": 15.028400897979736, "difficulty_level": 1, "level_stack": 0, "train_goal_diff": -0.1, "train_goal": 0.2, "train_WDL": 0.2, "_runtime": 36337.526559114456, "_step": 1798655, "_wandb": {"runtime": 36340}}