{"value_loss": 1.1306746846437454, "_timestamp": 1721115488.225316, "policy_loss": -0.016027386595572655, "dist_entropy": 2.9430726703008014, "actor_grad_norm": 0.6672070026397705, "critic_grad_norm": 8.503622055053711, "ratio": 1.004644751548767, "average_episode_rewards": -21.999999415129423, "Episode_Time": 112.79119181632996, "Difficulty_level": 1, "train_possession_rate": 0.6827, "_runtime": 164.64422512054443, "_step": 60000}