{"value_loss": 0.7307039761543274, "_timestamp": 1723463416.7470639, "policy_loss": 0.09579918295145035, "dist_entropy": 1.4792606496810914, "actor_grad_norm": 0.005655595567077398, "critic_grad_norm": 0.1742166131734848, "ratio": 0.2117329239845276, "episode_length": 478.7, "total_episode_rewards": -40.0, "Episode_Time": 16.745357275009155, "difficulty_level": 1, "level_stack": 0, "train_goal_diff": -0.4, "train_goal": 0.2, "train_WDL": 0.2, "_runtime": 839.7303698062897, "_step": 35373, "_wandb": {"runtime": 839}}