{"value_loss": 0.3619409104188283, "_timestamp": 1721124607.9671693, "policy_loss": -0.0197455337187057, "dist_entropy": 2.9277679459253947, "actor_grad_norm": 0.27161791920661926, "critic_grad_norm": 1.5020109415054321, "ratio": 1.0800293684005737, "average_episode_rewards": -24.500001221895218, "Episode_Time": 135.50788521766663, "Difficulty_level": 1, "train_possession_rate": 0.6975833333333332, "_runtime": 1900.2781293392181, "_step": 600000, "train_goal_diff": -2.4, "train_goal": 0.1, "train_WDL": -0.85, "eval_goal": 0.0, "eval_WDL": -1.0, "eval_goal_diff": -3.0}