{"value_loss": 0.37885541886091234, "_timestamp": 1721724633.453242, "policy_loss": -0.053539557301749786, "dist_entropy": 2.934664847056071, "actor_grad_norm": 0.39587128162384033, "critic_grad_norm": 1.0433979034423828, "ratio": 1.0283478498458862, "average_episode_rewards": -25.999998673796654, "Episode_Time": 86.09867811203003, "Difficulty_level": 1, "train_possession_rate": 0.6914833333333333, "_runtime": 537.161838054657, "_step": 300000, "train_goal_diff": -3.15, "train_goal": 0.0, "train_WDL": -0.9, "_wandb": {"runtime": 536}}