{"value_loss": 0.36776601344347, "_timestamp": 1722588655.5574663, "policy_loss": -0.030146824036589047, "dist_entropy": 1.3912854925791422, "actor_grad_norm": 0.4940784275531769, "critic_grad_norm": 0.3293399512767792, "ratio": 1.0122121572494507, "episode_length": 1507.7, "total_episode_rewards": -70.0, "Difficulty_level": 1, "Episode_Time": 59.484395027160645, "train_goal_diff": -0.7, "train_goal": 0.0, "train_WDL": -0.7, "_runtime": 4970.529025316238, "_step": 115580}