{"value_loss": 0.31704925894737246, "_timestamp": 1723464438.3527622, "policy_loss": 0.14939816743135453, "dist_entropy": 0.5789883434772491, "actor_grad_norm": 0.058624267578125, "critic_grad_norm": 0.37521758675575256, "ratio": 0.2738072872161865, "episode_length": 468.0, "total_episode_rewards": -20.0, "Episode_Time": 7.6888346672058105, "difficulty_level": 1, "level_stack": 0, "train_goal_diff": -0.2, "train_goal": 0.0, "train_WDL": 0.0, "_runtime": 603.135466337204, "_step": 34936, "_wandb": {"runtime": 606}}