{"value_loss": 0.1529710426926613, "_timestamp": 1724401456.6317983, "policy_loss": 0.00169517167378217, "dist_entropy": 2.903100824356079, "actor_grad_norm": 0.37975427508354187, "critic_grad_norm": 0.47139570116996765, "ratio": 0.8713095784187317, "episode_length": 437.1, "total_episode_rewards": -4.035800933837891, "Episode_Time": 15.932746410369873, "difficulty_level": 1, "level_stack": 0, "train_win_rate": 0.1, "train_draw_rate": 0.8, "train_lose_rate": 0.1, "_runtime": 202.59437727928162, "_step": 5074, "_wandb": {"runtime": 202}}