{"value_loss": 0.20372414886951445, "_timestamp": 1724398571.5283787, "policy_loss": -0.03176371124573052, "dist_entropy": 2.9327670097351075, "actor_grad_norm": 0.2519470155239105, "critic_grad_norm": 1.32313871383667, "ratio": 1.0508018732070923, "episode_length": 477.8, "total_episode_rewards": -19.995401000976564, "Episode_Time": 15.777863025665283, "difficulty_level": 1, "level_stack": 0, "train_win_rate": 0.0, "train_draw_rate": 0.8, "train_lose_rate": 0.2, "_runtime": 73.69186282157898, "_step": 1748, "_wandb": {"runtime": 89}}