{"value_loss": 0.3245225432515144, "_timestamp": 1721125251.490407, "policy_loss": -0.03707001467778658, "dist_entropy": 2.9391534185409545, "actor_grad_norm": 0.5013486742973328, "critic_grad_norm": 2.303006410598755, "ratio": 1.051927089691162, "average_episode_rewards": -24.984628893435, "Episode_Time": 106.22113513946533, "Difficulty_level": 1, "train_possession_rate": 0.6788333333333333, "_runtime": 366.36185598373413, "_step": 90000, "train_goal_diff": -3.5, "train_goal": 0.0, "train_WDL": -1.0}