{"value_loss": 0.3413987010717392, "_timestamp": 1723515900.0514927, "policy_loss": -0.01106548121679225, "dist_entropy": 1.371651792526245, "actor_grad_norm": 0.16854459047317505, "critic_grad_norm": 0.15861180424690247, "ratio": 0.9942355155944824, "episode_length": 273.6, "total_episode_rewards": 28.91210428873698, "Episode_Time": 7.601227760314941, "difficulty_level": 3, "level_stack": 31, "train_goal_diff": 0.3, "train_goal": 0.4, "train_WDL": 0.4, "_runtime": 36807.00228476524, "_step": 1254400, "_wandb": {"runtime": 36809}}