{"value_loss": 0.3977791517972946, "_timestamp": 1723513459.157139, "policy_loss": -0.008629668379575151, "dist_entropy": 0.786621367931366, "actor_grad_norm": 0.17822979390621185, "critic_grad_norm": 0.3973388373851776, "ratio": 0.9952006340026855, "episode_length": 155.8, "total_episode_rewards": 39.5094960530599, "Episode_Time": 7.834412097930908, "difficulty_level": 3, "level_stack": 21, "train_goal_diff": 0.4, "train_goal": 0.6, "train_WDL": 0.6, "_runtime": 34366.107931137085, "_step": 1166668}