{"value_loss": 0.31908532780905563, "_timestamp": 1721125289.2636318, "policy_loss": -0.022888188364061837, "dist_entropy": 2.9411807950337727, "actor_grad_norm": 0.5479958653450012, "critic_grad_norm": 1.4209685325622559, "ratio": 1.01873779296875, "average_episode_rewards": -13.9999995008111, "Episode_Time": 93.1613998413086, "Difficulty_level": 1, "train_possession_rate": 0.6904333333333333, "_runtime": 386.84793281555176, "_step": 90000, "train_goal_diff": -1.7, "train_goal": 0.2, "train_WDL": -0.8}