{"value_loss": 0.37796453237533567, "_timestamp": 1723474906.327658, "policy_loss": 0.1684205174446106, "dist_entropy": 1.5891470909118652, "actor_grad_norm": 0.08245494961738586, "critic_grad_norm": 0.2968875467777252, "ratio": 0.6426541805267334, "episode_length": 359.7, "total_episode_rewards": -30.270095825195312, "Episode_Time": 6.841600656509399, "difficulty_level": 1, "level_stack": 0, "train_goal_diff": -0.3, "train_goal": 0.1, "train_WDL": 0.1, "_runtime": 1653.1225378513336, "_step": 108846, "_wandb": {"runtime": 1653}}