{"value_loss": 0.30580556924144425, "_timestamp": 1722576647.8013582, "policy_loss": -0.0010939834467959977, "dist_entropy": 2.64205663839976, "actor_grad_norm": 0.3090111017227173, "critic_grad_norm": 6.2119855880737305, "ratio": 0.5150336623191833, "episode_length": 1412.6, "total_episode_rewards": -11.958900451660156, "Difficulty_level": 1, "Episode_Time": 61.23419642448425, "train_goal_diff": -0.4, "train_goal": 0.2, "train_WDL": -0.4, "_runtime": 46048.04257631302, "_step": 873768}