{"value_loss": 0.4296060832962394, "_timestamp": 1723461669.5995286, "policy_loss": 0.21529554858803748, "dist_entropy": 1.501191623210907, "actor_grad_norm": 0.26221928000450134, "critic_grad_norm": 0.42262494564056396, "ratio": 0.8163984417915344, "episode_length": 652.9, "total_episode_rewards": -10.0, "Episode_Time": 14.161248683929443, "difficulty_level": 1, "level_stack": 0, "train_goal_diff": -0.1, "train_goal": 0.2, "train_WDL": 0.2, "_runtime": 467.38750863075256, "_step": 24072}