{"value_loss": 0.009214966371655465, "_timestamp": 1723472976.4863281, "policy_loss": 0.40151444673538206, "dist_entropy": 1.2696746826171874, "actor_grad_norm": 0.44600221514701843, "critic_grad_norm": 0.2279055118560791, "ratio": 0.7535281181335449, "episode_length": 500.0, "total_episode_rewards": 0.017999999225139618, "Episode_Time": 6.558197021484375, "difficulty_level": 1, "level_stack": 0, "train_goal_diff": 0.0, "train_goal": 0.0, "train_WDL": 0.0, "_runtime": 1511.1634831428528, "_step": 101099, "_wandb": {"runtime": 1516}}