{"value_loss": 0.41807427823543547, "_timestamp": 1721124685.3115764, "policy_loss": -0.011982324432271223, "dist_entropy": 2.9236869637171425, "actor_grad_norm": 0.2768979072570801, "critic_grad_norm": 1.4330424070358276, "ratio": 1.0623494386672974, "average_episode_rewards": -18.98493943735957, "Episode_Time": 115.53881573677063, "Difficulty_level": 1, "train_possession_rate": 0.6916666666666667, "_runtime": 1947.2561013698578, "_step": 390000, "train_goal_diff": -2.8, "train_goal": 0.0, "train_WDL": -1.0, "eval_goal": 0.0, "eval_WDL": -1.0, "eval_goal_diff": -2.6}