{"value_loss": 0.18510094434022903, "_timestamp": 1723467362.6068883, "policy_loss": 0.11762362271547318, "dist_entropy": 0.06607081964612008, "actor_grad_norm": 0.07895416021347046, "critic_grad_norm": 0.17332157492637634, "ratio": 0.33389249444007874, "episode_length": 484.7, "total_episode_rewards": -10.0, "Episode_Time": 6.692303657531738, "difficulty_level": 1, "level_stack": 0, "train_goal_diff": -0.1, "train_goal": 0.0, "train_WDL": 0.0, "_runtime": 765.1586194038391, "_step": 49000, "_wandb": {"runtime": 768}}