{"value_loss": 0.4385416000088056, "_timestamp": 1721995183.3115396, "policy_loss": -0.008552292527068251, "dist_entropy": 2.94169553120931, "actor_grad_norm": 0.7300230860710144, "critic_grad_norm": 0.9074148535728455, "ratio": 0.9993995428085327, "total_episode_rewards": -90.0, "Difficulty_level": 1, "Episode_Time": 110.83612251281738, "train_goal_diff": -0.6569246972090574, "train_goal": 0.1715376513954713, "train_WDL": -0.6569246972090574, "_runtime": 344.0192255973816, "_step": 4057}