{"value_loss": 0.2324839622345947, "_timestamp": 1722017010.6681693, "policy_loss": -0.0028104653110494838, "dist_entropy": 2.8685776583353677, "actor_grad_norm": 0.32863855361938477, "critic_grad_norm": 0.11401255428791046, "ratio": 0.9987755417823792, "total_episode_rewards": -10.0, "Difficulty_level": 1, "Episode_Time": 114.2845413684845, "train_goal_diff": -1.0, "train_goal": 0.0, "train_WDL": -1.0, "_runtime": 22171.375855207443, "_step": 226024}