{"value_loss": 0.47091871321201323, "_timestamp": 1721124452.3617544, "policy_loss": -0.0261531768363299, "dist_entropy": 2.9304140106836956, "actor_grad_norm": 0.27831342816352844, "critic_grad_norm": 1.7301928997039795, "ratio": 1.071329951286316, "average_episode_rewards": -28.499999083578587, "Episode_Time": 139.36632704734802, "Difficulty_level": 1, "train_possession_rate": 0.6780833333333334, "_runtime": 1744.070466518402, "_step": 540000, "train_goal_diff": -2.05, "train_goal": 0.05, "train_WDL": -0.9, "eval_goal": 0.1, "eval_WDL": -0.8, "eval_goal_diff": -1.9}