{"value_loss": 0.4795579188565413, "_timestamp": 1721125364.0929415, "policy_loss": -0.017291644250241614, "dist_entropy": 2.9382879304885865, "actor_grad_norm": 0.4777962863445282, "critic_grad_norm": 2.288177490234375, "ratio": 1.0346189737319946, "average_episode_rewards": -27.984196320176125, "Episode_Time": 103.78153443336487, "Difficulty_level": 1, "train_possession_rate": 0.6872666666666667, "_runtime": 479.35314655303955, "_step": 120000, "train_goal_diff": -2.7, "train_goal": 0.0, "train_WDL": -0.9}