{"value_loss": 0.5012136806547641, "_timestamp": 1721723889.299239, "policy_loss": -0.022332523646764458, "dist_entropy": 2.940718715985616, "actor_grad_norm": 0.5461549162864685, "critic_grad_norm": 1.1621237993240356, "ratio": 1.0170141458511353, "average_episode_rewards": -17.98775140196085, "Episode_Time": 82.3543643951416, "Difficulty_level": 1, "train_goal_diff": -0.6666666666666666, "train_goal": 0.1111111111111111, "train_WDL": -0.6666666666666666, "train_possession_rate": 0.6686333333333334, "_runtime": 300.41476702690125, "_step": 90000}