{"value_loss": 0.20745647102594375, "_timestamp": 1724202300.6237345, "policy_loss": 0.04205163531005383, "dist_entropy": 2.720311498641968, "actor_grad_norm": 0.5813909769058228, "critic_grad_norm": 0.4164879322052002, "ratio": 0.7036508917808533, "episode_length": 354.3, "total_episode_rewards": 26.46320152282715, "Episode_Time": 14.735958099365234, "difficulty_level": 2, "level_stack": 0, "TrueSkill-ally": 16.84529127585359, "TrueSkill-opponent": 14.959384401978772, "train_win_rate": 0.3, "train_draw_rate": 0.7, "train_lose_rate": 0.0, "_runtime": 31588.592760562897, "_step": 722527, "eval_win_rate": 0.5, "eval_draw_rate": 0.5, "eval_lose_rate": 0.0, "_wandb": {"runtime": 31589}}