{"value_loss": 0.4450110130508741, "_timestamp": 1721120553.0637603, "policy_loss": -0.013132400445368451, "dist_entropy": 2.9025039625167848, "actor_grad_norm": 0.21708369255065918, "critic_grad_norm": 0.8157691359519958, "ratio": 1.1231999397277832, "average_episode_rewards": -25.000001303851604, "Episode_Time": 146.82563853263855, "Difficulty_level": 1, "train_possession_rate": 0.6951166666666667, "_runtime": 4677.985518217087, "_step": 1380000, "train_goal_diff": -2.45, "train_goal": 0.0, "train_WDL": -0.95, "eval_goal": 0.2, "eval_WDL": -0.9, "eval_goal_diff": -2.0}