{"value_loss": 0.22948417123407125, "_timestamp": 1723460746.6985462, "policy_loss": 0.060661885406589136, "dist_entropy": 2.922118911743164, "actor_grad_norm": 0.32124996185302734, "critic_grad_norm": 0.36028963327407837, "ratio": 0.8504515886306763, "episode_length": 851.8, "total_episode_rewards": -20.0, "Episode_Time": 17.008896827697754, "difficulty_level": 1, "level_stack": 0, "train_goal_diff": -0.2, "train_goal": 0.0, "train_WDL": 0.0, "_runtime": 457.5134871006012, "_step": 22597, "_wandb": {"runtime": 460}}