{"value_loss": 0.32023643851280215, "_timestamp": 1724646580.4437912, "policy_loss": 0.01469599837437272, "dist_entropy": 2.569649410247803, "actor_grad_norm": 4.807967662811279, "critic_grad_norm": 0.20494110882282257, "ratio": 0.6741070747375488, "episode_length": 337.6, "total_episode_rewards": 9.95379867553711, "Episode_Time": 16.52782678604126, "difficulty_level": 2, "level_stack": 1, "train_win_rate": 0.3, "train_draw_rate": 0.5, "train_lose_rate": 0.2, "_runtime": 44796.3126912117, "_step": 1005524, "eval_win_rate": 0.0, "eval_draw_rate": 1.0, "eval_lose_rate": 0.0, "_wandb": {"runtime": 44798}}