{"value_loss": 0.2860324829816818, "_timestamp": 1723479052.7902808, "policy_loss": 0.03523385375738144, "dist_entropy": 2.918114256858826, "actor_grad_norm": 0.18708156049251556, "critic_grad_norm": 0.19367951154708862, "ratio": 0.6985182166099548, "episode_length": 349.8, "total_episode_rewards": -1.0790042877197266, "Episode_Time": 7.2616777420043945, "difficulty_level": 1, "level_stack": 0, "train_goal_diff": 0.0, "train_goal": 0.2, "train_WDL": 0.2, "_runtime": 606.3407917022705, "_step": 33991, "_wandb": {"runtime": 613}}