{"value_loss": 0.0796647883951664, "_timestamp": 1723477643.041871, "policy_loss": 0.13373337984085082, "dist_entropy": 1.499775469303131, "actor_grad_norm": 0.11741857975721359, "critic_grad_norm": 0.03541019186377525, "ratio": 3.050365924835205, "episode_length": 492.1, "total_episode_rewards": -11.209598541259766, "Episode_Time": 7.0111916065216064, "difficulty_level": 1, "level_stack": 0, "train_goal_diff": -0.1, "train_goal": 0.0, "train_WDL": 0.0, "_runtime": 1413.3966710567474, "_step": 86971, "_wandb": {"runtime": 1413}}