{"value_loss": 0.270635543459357, "_timestamp": 1722017053.7465332, "policy_loss": -0.00013878164240547144, "dist_entropy": 2.902239000002543, "actor_grad_norm": 0.1250879317522049, "critic_grad_norm": 0.14585480093955994, "ratio": 0.9998921751976013, "total_episode_rewards": -20.0, "Difficulty_level": 1, "Episode_Time": 105.16214895248413, "train_goal_diff": -0.7099721502907119, "train_goal": 0.14501392485464407, "train_WDL": -0.7099721502907119, "_runtime": 22249.088646173477, "_step": 251508}