{"value_loss": 0.46498994606236616, "_timestamp": 1721995183.2055342, "policy_loss": 4.0843557896247756e-05, "dist_entropy": 2.7564375019073486, "actor_grad_norm": 0.7525315284729004, "critic_grad_norm": 0.6546779870986938, "ratio": 0.9099775552749634, "total_episode_rewards": -80.0, "Difficulty_level": 1, "Episode_Time": 54.26246881484985, "train_goal_diff": -0.3520277400874416, "train_goal": 0.32398612995627923, "train_WDL": -0.3520277400874416, "_runtime": 378.5476472377777, "_step": 3975}