{"value_loss": 0.36936052319904167, "_timestamp": 1721723900.8765926, "policy_loss": -0.059191172868013384, "dist_entropy": 2.940266720453898, "actor_grad_norm": 0.5983350276947021, "critic_grad_norm": 2.6144955158233643, "ratio": 1.0322957038879395, "average_episode_rewards": -19.98875057324767, "Episode_Time": 82.66341710090637, "Difficulty_level": 1, "train_goal_diff": -0.8, "train_goal": 0.04, "train_WDL": -0.8, "train_possession_rate": 0.7048333333333333, "_runtime": 311.94743156433105, "_step": 90000}