{"value_loss": 0.4512350136041641, "_timestamp": 1721125302.474406, "policy_loss": -0.028188566459963718, "dist_entropy": 2.9399863545099896, "actor_grad_norm": 0.5022639632225037, "critic_grad_norm": 2.260714292526245, "ratio": 1.0606070756912231, "average_episode_rewards": -24.00000113993883, "Episode_Time": 105.03088450431824, "Difficulty_level": 1, "train_possession_rate": 0.6386999999999999, "_runtime": 402.4704899787903, "_step": 90000, "train_goal_diff": -2.3, "train_goal": 0.0, "train_WDL": -0.9}