{"value_loss": 0.4255492503941059, "_timestamp": 1721832561.551183, "policy_loss": -0.028326907959611465, "dist_entropy": 2.6894644276301065, "actor_grad_norm": 0.14166726171970367, "critic_grad_norm": 0.5334541201591492, "ratio": 1.2543524503707886, "average_episode_rewards": -20.500000566244125, "Episode_Time": 79.69673705101013, "Difficulty_level": 1, "train_possession_rate": 0.6996833333333333, "_runtime": 38490.36301803589, "_step": 20640000, "train_goal_diff": -1.6, "train_goal": 0.25, "train_WDL": -0.8, "eval_goal": 0.1, "eval_WDL": -1.0, "eval_goal_diff": -2.2}