{"value_loss": 0.26286760866642, "_timestamp": 1724389341.8493016, "policy_loss": 0.021301864832639694, "dist_entropy": 2.5391317129135134, "actor_grad_norm": 0.24897614121437073, "critic_grad_norm": 0.23915128409862518, "ratio": 0.9179110527038574, "episode_length": 431.9, "total_episode_rewards": -42.9901008605957, "Episode_Time": 14.523111343383789, "difficulty_level": 4, "TrueSkill-ally": 19.796283721828114, "TrueSkill-opponent": 20.030539332747978, "train_win_rate": 0.0, "train_draw_rate": 0.6, "train_lose_rate": 0.4, "_runtime": 186624.9742026329, "_step": 4978607, "eval_win_rate": 0.0, "eval_draw_rate": 1.0, "eval_lose_rate": 0.0, "_wandb": {"runtime": 186636}}