{"value_loss": 0.4270567776635289, "_timestamp": 1723462233.944484, "policy_loss": 0.20846242606639862, "dist_entropy": 1.2859853863716126, "actor_grad_norm": 0.44375476241111755, "critic_grad_norm": 0.7372913360595703, "ratio": 0.6893917918205261, "episode_length": 727.3, "total_episode_rewards": -50.0, "Episode_Time": 15.356076717376709, "difficulty_level": 1, "level_stack": 0, "train_goal_diff": -0.5, "train_goal": 0.0, "train_WDL": 0.0, "_runtime": 123.83866310119629, "_step": 5928, "_wandb": {"runtime": 127}}