{"value_loss": 0.08322393149137497, "_timestamp": 1723476192.2334423, "policy_loss": 0.11539316177368164, "dist_entropy": 0.7207115769386292, "actor_grad_norm": 0.01557459682226181, "critic_grad_norm": 0.044901441782712936, "ratio": 0.0032946362625807524, "episode_length": 471.1, "total_episode_rewards": -11.574901580810547, "Episode_Time": 6.863769292831421, "difficulty_level": 1, "level_stack": 0, "train_goal_diff": -0.1, "train_goal": 0.0, "train_WDL": 0.0, "_runtime": 1235.426250219345, "_step": 76798, "_wandb": {"runtime": 1237}}