{"value_loss": 0.3179286174476147, "_timestamp": 1721124576.1068718, "policy_loss": -0.01901239431191546, "dist_entropy": 2.922001504898071, "actor_grad_norm": 0.43885698914527893, "critic_grad_norm": 1.313360571861267, "ratio": 1.060892105102539, "average_episode_rewards": -26.981807313859463, "Episode_Time": 115.47311592102051, "Difficulty_level": 1, "train_possession_rate": 0.6807000000000001, "_runtime": 1838.0272879600525, "_step": 360000, "train_goal_diff": -2.8, "train_goal": 0.0, "train_WDL": -1.0, "eval_goal": 0.0, "eval_WDL": -1.0, "eval_goal_diff": -2.7}