{"value_loss": 0.0793857865035534, "_timestamp": 1724648457.6077566, "policy_loss": -0.005375539739907254, "dist_entropy": 2.715169906616211, "actor_grad_norm": 0.0757368952035904, "critic_grad_norm": 0.36087268590927124, "ratio": 0.9998192191123962, "episode_length": 478.8, "total_episode_rewards": -10.497898864746094, "Episode_Time": 13.49034833908081, "difficulty_level": 1, "level_stack": 0, "train_win_rate": 0.0, "train_draw_rate": 0.9, "train_lose_rate": 0.1, "_runtime": 183.7354326248169, "_step": 5361, "_wandb": {"runtime": 183}}