{"value_loss": 0.48451170705258845, "_timestamp": 1723522453.607327, "policy_loss": 0.12633937694132327, "dist_entropy": 2.9395545148849487, "actor_grad_norm": 0.27966737747192383, "critic_grad_norm": 0.4505063593387604, "ratio": 0.6424147486686707, "episode_length": 965.2, "total_episode_rewards": -76.09949747721355, "Episode_Time": 19.593986988067627, "difficulty_level": 1, "level_stack": 0, "train_goal_diff": -0.7, "train_goal": 0.0, "train_WDL": 0.0, "_runtime": 142.2192599773407, "_step": 6569}