{"value_loss": 0.30149731879743435, "_timestamp": 1722519996.3814557, "policy_loss": 0.00647162774776613, "dist_entropy": 2.855900025367737, "actor_grad_norm": 0.19091251492500305, "critic_grad_norm": 0.9751778244972229, "ratio": 0.4183633625507355, "episode_length": 1182.9, "total_episode_rewards": -23.74046579996745, "Difficulty_level": 1, "Episode_Time": 67.13928198814392, "train_goal_diff": -0.8, "train_goal": 0.0, "train_WDL": -0.8, "_runtime": 4276.203925609589, "_step": 74343}