{"value_loss": 0.3207007439030955, "_timestamp": 1722521460.705509, "policy_loss": 0.055012086671680054, "dist_entropy": 2.864632994333903, "actor_grad_norm": 0.1616182029247284, "critic_grad_norm": 1.270928144454956, "ratio": 0.37453895807266235, "episode_length": 1109.9, "total_episode_rewards": -23.69055938720703, "Difficulty_level": 1, "Episode_Time": 64.36694288253784, "train_goal_diff": -0.8, "train_goal": 0.0, "train_WDL": -0.8, "_runtime": 5740.527978897095, "_step": 100211, "_wandb": {"runtime": 5783}}