{"value_loss": 0.37971290946006775, "_timestamp": 1723465576.6247065, "policy_loss": 0.09418078437447548, "dist_entropy": 0.006123106647282839, "actor_grad_norm": 0.0015785786090418696, "critic_grad_norm": 0.2660420536994934, "ratio": 0.8203234672546387, "episode_length": 458.9, "total_episode_rewards": -20.0, "Episode_Time": 7.154114723205566, "difficulty_level": 1, "level_stack": 0, "train_goal_diff": -0.2, "train_goal": 0.0, "train_WDL": 0.0, "_runtime": 1104.3524355888367, "_step": 71367, "_wandb": {"runtime": 1110}}