{"value_loss": 0.35618106154724954, "_timestamp": 1722053523.288902, "policy_loss": -0.0018475982273594128, "dist_entropy": 2.8226356569925946, "actor_grad_norm": 0.2108105570077896, "critic_grad_norm": 0.10252853482961655, "ratio": 1.000257134437561, "total_episode_rewards": -30.0, "Difficulty_level": 1, "Episode_Time": 108.0588526725769, "train_goal_diff": -0.16909919122431905, "train_goal": 0.4154504043878405, "train_WDL": -0.16909919122431905, "_runtime": 75367.9515299797, "_step": 814133}