{"value_loss": 0.2897644847631454, "_timestamp": 1723468937.4055417, "policy_loss": 0.12891601771116257, "dist_entropy": 1.1147375583648682, "actor_grad_norm": 0.11024905741214752, "critic_grad_norm": 0.12071134150028229, "ratio": 0.5652315616607666, "episode_length": 455.4, "total_episode_rewards": -19.967999776204426, "Episode_Time": 6.627858400344849, "difficulty_level": 1, "level_stack": 0, "train_goal_diff": -0.2, "train_goal": 0.0, "train_WDL": 0.0, "_runtime": 1196.9581387043, "_step": 78774, "_wandb": {"runtime": 1202}}