{"value_loss": 0.39855546653270724, "_timestamp": 1723467855.1923375, "policy_loss": 0.21802528351545333, "dist_entropy": 1.4884989380836486, "actor_grad_norm": 0.09422998875379562, "critic_grad_norm": 0.3188266456127167, "ratio": 0.626399040222168, "episode_length": 450.7, "total_episode_rewards": -29.979899088541668, "Episode_Time": 6.974637985229492, "difficulty_level": 1, "level_stack": 0, "train_goal_diff": -0.3, "train_goal": 0.0, "train_WDL": 0.0, "_runtime": 114.74493455886841, "_step": 7059}