{"value_loss": 0.09539342075586318, "_timestamp": 1724170648.828249, "policy_loss": -0.03912944551557303, "dist_entropy": 2.9189520597457888, "actor_grad_norm": 0.30038249492645264, "critic_grad_norm": 0.3631758689880371, "ratio": 0.9573882222175598, "episode_length": 459.6, "total_episode_rewards": 5.495199203491211, "Episode_Time": 14.307386636734009, "difficulty_level": 1, "level_stack": 0, "TrueSkill-ally": 14.999999999999996, "TrueSkill-opponent": 14.999999999999996, "train_win_rate": 0.1, "train_draw_rate": 0.9, "train_lose_rate": 0.0, "_runtime": 131.34308385849, "_step": 3623, "eval_win_rate": 0.0, "eval_draw_rate": 1.0, "eval_lose_rate": 0.0, "_wandb": {"runtime": 140}}