{"value_loss": 0.5138587237863491, "_timestamp": 1723190801.0968072, "policy_loss": 0.01942222206950343, "dist_entropy": 2.9371626631418866, "actor_grad_norm": 0.2805643677711487, "critic_grad_norm": 0.29176658391952515, "ratio": 0.6648133993148804, "episode_length": 990.9, "total_episode_rewards": -22.492998758951824, "Episode_Time": 91.71121764183044, "difficulty_level": 1, "level_stack": 0, "train_goal_diff": -0.6, "train_goal": 0.1, "train_WDL": 0.1, "_runtime": 285.3717691898346, "_step": 2366}