{"value_loss": 0.26101310849189757, "_timestamp": 1724607885.3649518, "policy_loss": 0.11233377754688263, "dist_entropy": 2.2667877435684205, "actor_grad_norm": 0.0, "critic_grad_norm": 0.5651448369026184, "ratio": 0.7979673147201538, "episode_length": 395.2, "total_episode_rewards": 9.979299163818359, "Episode_Time": 17.293286085128784, "difficulty_level": 1, "level_stack": 0, "train_win_rate": 0.2, "train_draw_rate": 0.7, "train_lose_rate": 0.1, "_runtime": 6674.058851957321, "_step": 146059, "eval_win_rate": 0.1, "eval_draw_rate": 0.6, "eval_lose_rate": 0.3, "_wandb": {"runtime": 6675}}