{"value_loss": 0.17462927848100662, "_timestamp": 1724389336.4641316, "policy_loss": 0.0021124702878296377, "dist_entropy": 1.1624289751052856, "actor_grad_norm": 0.02821328304708004, "critic_grad_norm": 0.05758452042937279, "ratio": 0.9100731015205383, "episode_length": 455.0, "total_episode_rewards": 6.47899866104126, "Episode_Time": 14.445513486862183, "difficulty_level": 4, "level_stack": 1, "TrueSkill-ally": 18.661024315817848, "TrueSkill-opponent": 17.882709405734683, "train_win_rate": 0.2, "train_draw_rate": 0.8, "train_lose_rate": 0.0, "_runtime": 239605.7990076542, "_step": 6080127, "eval_win_rate": 0.2, "eval_draw_rate": 0.8, "eval_lose_rate": 0.0, "_wandb": {"runtime": 239622}}