{"value_loss": 0.7270805180072785, "_timestamp": 1724663119.2395751, "policy_loss": -0.001286691567656817, "dist_entropy": 1.089674139022827, "actor_grad_norm": 0.05427432805299759, "critic_grad_norm": 0.1904626190662384, "ratio": 0.9987398982048035, "episode_length": 197.9, "total_episode_rewards": 19.790602111816405, "Episode_Time": 14.492575407028198, "difficulty_level": 1, "level_stack": 7, "train_win_rate": 0.5, "train_draw_rate": 0.2, "train_lose_rate": 0.3, "_runtime": 14506.855244159698, "_step": 311821, "eval_win_rate": 0.2, "eval_draw_rate": 0.5, "eval_lose_rate": 0.3, "_wandb": {"runtime": 14515}}