{"value_loss": 0.44874613285064696, "_timestamp": 1724663796.2834134, "policy_loss": -0.008506722573656589, "dist_entropy": 2.030695414543152, "actor_grad_norm": 0.08762731403112411, "critic_grad_norm": 0.9218384027481079, "ratio": 0.9985727667808533, "episode_length": 355.2, "total_episode_rewards": -40.37799987792969, "Episode_Time": 13.718929290771484, "difficulty_level": 1, "level_stack": 0, "train_win_rate": 0.1, "train_draw_rate": 0.4, "train_lose_rate": 0.5, "_runtime": 420.35691142082214, "_step": 11520, "eval_win_rate": 0.0, "eval_draw_rate": 0.8, "eval_lose_rate": 0.2, "_wandb": {"runtime": 426}}