{"value_loss": 0.22312708646059037, "_timestamp": 1724399345.5255466, "policy_loss": -0.012729242397472262, "dist_entropy": 2.8607279539108275, "actor_grad_norm": 0.3738085627555847, "critic_grad_norm": 0.3415595293045044, "ratio": 0.9200320243835449, "episode_length": 433.8, "total_episode_rewards": -13.519001770019532, "Episode_Time": 16.222860097885132, "difficulty_level": 1, "level_stack": 0, "train_win_rate": 0.1, "train_draw_rate": 0.7, "train_lose_rate": 0.2, "_runtime": 475.21464562416077, "_step": 11347, "eval_win_rate": 0.0, "eval_draw_rate": 0.8, "eval_lose_rate": 0.2, "_wandb": {"runtime": 475}}