{"value_loss": 0.3340022563934326, "_timestamp": 1724435195.2685852, "policy_loss": -0.0037768943002447486, "dist_entropy": 2.4683583974838257, "actor_grad_norm": 0.8397025465965271, "critic_grad_norm": 0.31043291091918945, "ratio": 0.9026649594306946, "episode_length": 366.3, "total_episode_rewards": -0.06669992208480835, "Episode_Time": 16.408380270004272, "difficulty_level": 1, "level_stack": 3, "train_win_rate": 0.2, "train_draw_rate": 0.6, "train_lose_rate": 0.2, "_runtime": 22408.526979207993, "_step": 436249, "eval_win_rate": 0.3, "eval_draw_rate": 0.5, "eval_lose_rate": 0.2}