{"value_loss": 0.28069764375686646, "_timestamp": 1724435204.3450236, "policy_loss": -0.012593918154016137, "dist_entropy": 2.427827548980713, "actor_grad_norm": 1.075209617614746, "critic_grad_norm": 0.1309438794851303, "ratio": 0.9233083724975586, "episode_length": 407.5, "total_episode_rewards": -23.018701171875, "Episode_Time": 16.183823108673096, "difficulty_level": 2, "level_stack": 2, "train_win_rate": 0.1, "train_draw_rate": 0.6, "train_lose_rate": 0.3, "_runtime": 33188.88617372513, "_step": 678877, "eval_win_rate": 0.1, "eval_draw_rate": 0.7, "eval_lose_rate": 0.2}