{"value_loss": 0.12790220485650936, "_timestamp": 1721914010.8885686, "policy_loss": 0.04611079637548149, "dist_entropy": 2.3408123779296877, "actor_grad_norm": 0.047700583934783936, "critic_grad_norm": 0.2862780690193176, "ratio": 0.40867194533348083, "total_episode_rewards": -20.0, "Difficulty_level": 1, "Episode_Time": 82.52738547325134, "train_goal_diff": -1.0, "train_goal": 0.0, "train_WDL": -1.0, "_runtime": 3766.9819927215576, "_step": 14326}