{"value_loss": 0.2897561934652428, "_timestamp": 1722572562.3496277, "policy_loss": 0.015687644644252336, "dist_entropy": 2.6788779942194623, "actor_grad_norm": 0.2578158974647522, "critic_grad_norm": 2.569807767868042, "ratio": 0.4916329085826874, "episode_length": 1339.6, "total_episode_rewards": -14.753219604492188, "Difficulty_level": 1, "Episode_Time": 68.09314918518066, "train_goal_diff": -0.5, "train_goal": 0.1, "train_WDL": -0.5, "_runtime": 41941.95573973656, "_step": 790837}