{"value_loss": 0.5763937039176623, "_timestamp": 1721125198.7644565, "policy_loss": -0.031665469928023715, "dist_entropy": 2.9414913495381674, "actor_grad_norm": 0.6164008975028992, "critic_grad_norm": 1.1244138479232788, "ratio": 1.0200588703155518, "average_episode_rewards": -30.984554439783096, "Episode_Time": 127.30902004241943, "Difficulty_level": 1, "train_possession_rate": 0.6776, "_runtime": 314.1542603969574, "_step": 60000, "train_goal_diff": -2.6, "train_goal": 0.0, "train_WDL": -0.9}