{"value_loss": 0.4310701663295428, "_timestamp": 1721120409.6745265, "policy_loss": -0.036446842635050415, "dist_entropy": 2.9061753352483115, "actor_grad_norm": 0.21052126586437225, "critic_grad_norm": 0.7412222623825073, "ratio": 1.1579885482788086, "average_episode_rewards": -25.999998673796654, "Episode_Time": 143.00812816619873, "Difficulty_level": 1, "train_possession_rate": 0.683, "_runtime": 4534.920585393906, "_step": 1200000, "train_goal_diff": -2.8, "train_goal": 0.0, "train_WDL": -0.95, "eval_goal": 0.2, "eval_WDL": -0.9, "eval_goal_diff": -2.5}