{"value_loss": 0.38087126510217784, "_timestamp": 1723195748.4427078, "policy_loss": 0.14941669060761342, "dist_entropy": 2.886838344335556, "actor_grad_norm": 1.5405933856964111, "critic_grad_norm": 0.2799060642719269, "ratio": 0.5751525163650513, "episode_length": 876.8, "total_episode_rewards": -7.687997817993164, "Episode_Time": 80.70936012268066, "difficulty_level": 1, "level_stack": 0, "train_goal_diff": -0.1, "train_goal": 0.2, "train_WDL": 0.2, "_runtime": 4768.705045700073, "_step": 58315}