{"value_loss": 0.8681584317485491, "_timestamp": 1721992546.9315166, "policy_loss": -0.003227847271676486, "dist_entropy": 2.9436022281646728, "actor_grad_norm": 1.8363145589828491, "critic_grad_norm": 2.9430761337280273, "ratio": 0.9988794922828674, "total_episode_rewards": -80.0, "Difficulty_level": 1, "Episode_Time": 25.672370672225952, "train_goal_diff": 0.3710879284649776, "train_goal": 0.6855439642324889, "train_WDL": 0.3710879284649776, "_runtime": 127.24637174606323, "_step": 2107, "_wandb": {"runtime": 143}}