{"value_loss": 0.43873118231693903, "_timestamp": 1721723884.7828872, "policy_loss": -0.032719151399990855, "dist_entropy": 2.9403102588653565, "actor_grad_norm": 0.5169779658317566, "critic_grad_norm": 2.3778464794158936, "ratio": 1.030853033065796, "average_episode_rewards": -21.987412590533495, "Episode_Time": 80.09409141540527, "Difficulty_level": 1, "train_goal_diff": -0.88, "train_goal": 0.04, "train_WDL": -0.88, "train_possession_rate": 0.6891666666666667, "_runtime": 295.8033802509308, "_step": 90000}