{"value_loss": 0.27736385762691496, "_timestamp": 1723483958.1216402, "policy_loss": -0.0006752081641025143, "dist_entropy": 1.9142733812332153, "actor_grad_norm": 0.11065558344125748, "critic_grad_norm": 0.11065558344125748, "ratio": 0.9985471963882446, "episode_length": 1031.8, "total_episode_rewards": -33.50200653076172, "Episode_Time": 17.827099084854126, "difficulty_level": 1, "level_stack": 0, "train_goal_diff": -0.2, "train_goal": 0.1, "train_WDL": 0.1, "_runtime": 1066.0398902893066, "_step": 56270, "_wandb": {"runtime": 1072}}