{"value_loss": 0.39851738115151725, "_timestamp": 1721120574.6954656, "policy_loss": -0.023578413884394345, "dist_entropy": 2.9092787456512452, "actor_grad_norm": 0.20813558995723724, "critic_grad_norm": 0.8766031265258789, "ratio": 1.1171000003814697, "average_episode_rewards": -23.500001057982445, "Episode_Time": 146.21583080291748, "Difficulty_level": 1, "train_possession_rate": 0.6888166666666666, "_runtime": 4699.363877534866, "_step": 1320000, "train_goal_diff": -2.7, "train_goal": 0.05, "train_WDL": -0.85, "eval_goal": 0.0, "eval_WDL": -1.0, "eval_goal_diff": -2.4}