{"value_loss": 0.45343761444091796, "_timestamp": 1721724630.8733063, "policy_loss": -0.037294985194845746, "dist_entropy": 2.9348406744003297, "actor_grad_norm": 0.4105818271636963, "critic_grad_norm": 1.2383627891540527, "ratio": 1.0241129398345947, "average_episode_rewards": -27.499998919665813, "Episode_Time": 83.57708621025085, "Difficulty_level": 1, "train_possession_rate": 0.6976166666666666, "_runtime": 534.8650903701782, "_step": 300000, "train_goal_diff": -2.7, "train_goal": 0.0, "train_WDL": -1.0, "_wandb": {"runtime": 534}}