{"value_loss": 0.6555875078837077, "_timestamp": 1721120532.4099336, "policy_loss": -0.050050173139122, "dist_entropy": 2.878217600186666, "actor_grad_norm": 0.2505483031272888, "critic_grad_norm": 1.7338529825210571, "ratio": 1.2151439189910889, "average_episode_rewards": -34.071740694344044, "Episode_Time": 116.48851656913757, "Difficulty_level": 1, "train_possession_rate": 0.7019666666666666, "_runtime": 4697.7746505737305, "_step": 900000, "train_goal_diff": -2.1, "train_goal": 0.0, "train_WDL": -0.9, "eval_goal": 0.0, "eval_WDL": -0.8, "eval_goal_diff": -1.4}