{"value_loss": 0.4478570342063904, "_timestamp": 1725109924.9554772, "policy_loss": -0.0003456857171840966, "dist_entropy": 1.7822394251823426, "actor_grad_norm": 0.006920894142240286, "critic_grad_norm": 0.09255703538656235, "ratio": 0.9987714886665344, "episode_length": 306.1, "total_episode_rewards": -41.612997436523436, "Episode_Time": 14.07697081565857, "difficulty_level": 3, "level_stack": 0, "train_win_rate": 0.1, "train_draw_rate": 0.4, "train_lose_rate": 0.5, "_runtime": 446069.08047914505, "_step": 11375622, "eval_win_rate": 0.0, "eval_draw_rate": 0.8, "eval_lose_rate": 0.2, "_wandb": {"runtime": 446072}}