{"value_loss": 0.27944971846028543, "_timestamp": 1722578383.0536199, "policy_loss": -0.01206393219336557, "dist_entropy": 2.561896858215332, "actor_grad_norm": 0.16957564651966095, "critic_grad_norm": 0.3681597113609314, "ratio": 0.8834567666053772, "episode_length": 2086.6, "total_episode_rewards": -19.939699172973633, "Difficulty_level": 1, "Episode_Time": 45.805676221847534, "train_goal_diff": -0.2, "train_goal": 0.1, "train_WDL": -0.2, "_runtime": 1044.809509754181, "_step": 45052}