{"value_loss": 0.6049822788437208, "_timestamp": 1721125297.1626878, "policy_loss": -0.044339772572663305, "dist_entropy": 2.939970423380534, "actor_grad_norm": 0.5479464530944824, "critic_grad_norm": 3.290311813354492, "ratio": 1.0577869415283203, "average_episode_rewards": -31.985501758754253, "Episode_Time": 108.63001847267151, "Difficulty_level": 1, "train_possession_rate": 0.6849000000000001, "_runtime": 412.10503578186035, "_step": 90000, "train_goal_diff": -2.1, "train_goal": 0.0, "train_WDL": -0.9}