{"value_loss": 0.2538983687758446, "_timestamp": 1724646778.3413398, "policy_loss": -0.00587411125889048, "dist_entropy": 2.6366343021392824, "actor_grad_norm": 0.10497645288705826, "critic_grad_norm": 0.6994701623916626, "ratio": 0.998428463935852, "episode_length": 454.6, "total_episode_rewards": -29.980902099609374, "Episode_Time": 13.493641376495361, "difficulty_level": 1, "level_stack": 0, "train_win_rate": 0.0, "train_draw_rate": 0.7, "train_lose_rate": 0.3, "_runtime": 63.58534574508667, "_step": 1633, "_wandb": {"runtime": 74}}