{"value_loss": 0.3388728096584479, "_timestamp": 1721125278.5021994, "policy_loss": -0.04433638972133243, "dist_entropy": 2.9402546453475953, "actor_grad_norm": 0.6114636659622192, "critic_grad_norm": 2.525304079055786, "ratio": 1.026253581047058, "average_episode_rewards": -19.98838735744357, "Episode_Time": 105.11843967437744, "Difficulty_level": 1, "train_possession_rate": 0.6798333333333333, "_runtime": 393.7570734024048, "_step": 90000, "train_goal_diff": -2.6, "train_goal": 0.0, "train_WDL": -0.9}