{"value_loss": 0.15774176716804506, "_timestamp": 1723466388.9413264, "policy_loss": 0.18605167120695115, "dist_entropy": 1.5001470685005187, "actor_grad_norm": 0.03777725249528885, "critic_grad_norm": 0.21300549805164337, "ratio": 0.6115139126777649, "episode_length": 474.8, "total_episode_rewards": -10.0, "Episode_Time": 6.711383819580078, "difficulty_level": 1, "level_stack": 0, "train_goal_diff": -0.1, "train_goal": 0.0, "train_WDL": 0.0, "_runtime": 496.173757314682, "_step": 31493, "_wandb": {"runtime": 502}}