{"value_loss": 0.3914683370478451, "_timestamp": 1722578561.7825549, "policy_loss": -0.018649303033792725, "dist_entropy": 2.2535119581222536, "actor_grad_norm": 0.2019071727991104, "critic_grad_norm": 0.5449928045272827, "ratio": 0.9570610523223877, "episode_length": 1999.8, "total_episode_rewards": -19.736284255981445, "Difficulty_level": 1, "Episode_Time": 49.51587533950806, "train_goal_diff": -0.2, "train_goal": 0.2, "train_WDL": -0.2, "_runtime": 920.6921098232269, "_step": 35349}