{"value_loss": 0.3910406619310379, "_timestamp": 1723463805.5056102, "policy_loss": 0.05426249250769615, "dist_entropy": 1.4585158395767213, "actor_grad_norm": 0.009919692762196064, "critic_grad_norm": 0.062006834894418716, "ratio": 0.6570650935173035, "episode_length": 435.4, "total_episode_rewards": 0.0, "Episode_Time": 8.914958238601685, "difficulty_level": 1, "level_stack": 0, "train_goal_diff": 0.0, "train_goal": 0.1, "train_WDL": 0.1, "_runtime": 358.60672330856323, "_step": 16927, "_wandb": {"runtime": 358}}