{"value_loss": 0.3729014061872537, "_timestamp": 1721888373.1190124, "policy_loss": -0.006806645537969113, "dist_entropy": 2.8478640588124593, "actor_grad_norm": 0.1841193437576294, "critic_grad_norm": 0.14754067361354828, "ratio": 0.9997285008430481, "total_episode_rewards": 0.0, "Episode_Time": 79.15571212768555, "Difficulty_level": 1, "train_goal_diff": 0.0, "train_goal": 0.0, "train_WDL": 0.0, "_runtime": 55309.47445440292, "_step": 18420000, "eval_goal": 0.0, "eval_WDL": -0.6, "eval_goal_diff": -0.6}