{"value_loss": 0.477914746205012, "_timestamp": 1721120605.879626, "policy_loss": -0.045169390494314336, "dist_entropy": 2.859738262494405, "actor_grad_norm": 0.22046175599098206, "critic_grad_norm": 1.4337565898895264, "ratio": 1.254765272140503, "average_episode_rewards": -28.06047722697258, "Episode_Time": 110.09577369689941, "Difficulty_level": 1, "train_possession_rate": 0.6998, "_runtime": 4772.371284008026, "_step": 1020000, "train_goal_diff": -2.5, "train_goal": 0.0, "train_WDL": -1.0, "eval_goal": 0.0, "eval_WDL": -1.0, "eval_goal_diff": -4.9}