{"value_loss": 0.5234455960802734, "_timestamp": 1723719554.2102704, "policy_loss": -0.014255496771074832, "dist_entropy": 2.885493745803833, "actor_grad_norm": 0.44329604506492615, "critic_grad_norm": 0.45750075578689575, "ratio": 0.7807081341743469, "episode_length": 388.7, "total_episode_rewards": 10.944798787434896, "Episode_Time": 8.937078475952148, "difficulty_level": 1, "cumulative_win_rate": 0.16972288, "train_goal_diff": 0.1, "train_goal": 0.2, "train_win_rate": 0.2, "_runtime": 516.3972313404083, "_step": 19296, "eval_goal": 0.0, "eval_win_rate": 0.0, "eval_goal_diff": 0.0, "_wandb": {"runtime": 521}}