{"value_loss": 0.15183790326118468, "_timestamp": 1724663176.9364922, "policy_loss": 0.09049722775816918, "dist_entropy": 2.5169770240783693, "actor_grad_norm": 0.0, "critic_grad_norm": 0.2519145607948303, "ratio": 0.9024564623832703, "episode_length": 452.7, "total_episode_rewards": -20.01940155029297, "Episode_Time": 16.359588623046875, "difficulty_level": 1, "level_stack": 3, "train_win_rate": 0.0, "train_draw_rate": 0.8, "train_lose_rate": 0.2, "_runtime": 53423.25788927078, "_step": 1181538, "eval_win_rate": 0.1, "eval_draw_rate": 0.8, "eval_lose_rate": 0.1}