{"value_loss": 0.3824873686954379, "_timestamp": 1722581064.9044068, "policy_loss": -0.014331980614224448, "dist_entropy": 0.9663700683911641, "actor_grad_norm": 0.1787765771150589, "critic_grad_norm": 0.46726498007774353, "ratio": 1.0025559663772583, "episode_length": 1030.1, "total_episode_rewards": -79.74288177490234, "Difficulty_level": 1, "Episode_Time": 64.82874274253845, "train_goal_diff": -0.8, "train_goal": 0.0, "train_WDL": -0.8, "_runtime": 2421.6244168281555, "_step": 52818}