{"value_loss": 0.45715220730751754, "_timestamp": 1722581010.265739, "policy_loss": -0.018329132630606183, "dist_entropy": 1.2627924410502116, "actor_grad_norm": 0.21074536442756653, "critic_grad_norm": 0.35815805196762085, "ratio": 0.9169131517410278, "episode_length": 951.8, "total_episode_rewards": -89.88490295410156, "Difficulty_level": 1, "Episode_Time": 61.79436182975769, "train_goal_diff": -0.9, "train_goal": 0.0, "train_WDL": -0.9, "_runtime": 2351.436738014221, "_step": 47857}