{"value_loss": 0.2899875129262606, "_timestamp": 1721124617.7529209, "policy_loss": -0.037398883831144, "dist_entropy": 2.921344119707743, "actor_grad_norm": 0.30172500014305115, "critic_grad_norm": 1.3204718828201294, "ratio": 1.0946332216262817, "average_episode_rewards": -23.500001057982445, "Episode_Time": 136.17824268341064, "Difficulty_level": 1, "train_possession_rate": 0.6779999999999999, "_runtime": 1908.03089594841, "_step": 600000, "train_goal_diff": -2.05, "train_goal": 0.05, "train_WDL": -0.9, "eval_goal": 0.0, "eval_WDL": -1.0, "eval_goal_diff": -2.8}