{"value_loss": 0.6120717418193817, "_timestamp": 1721723898.0972536, "policy_loss": -0.02695368831104133, "dist_entropy": 2.939608227411906, "actor_grad_norm": 0.5069807767868042, "critic_grad_norm": 2.2353367805480957, "ratio": 1.0465630292892456, "average_episode_rewards": -27.984369546175003, "Episode_Time": 84.48558807373047, "Difficulty_level": 1, "train_goal_diff": -0.7777777777777778, "train_goal": 0.08333333333333333, "train_WDL": -0.7777777777777778, "train_possession_rate": 0.6780333333333333, "_runtime": 309.2649555206299, "_step": 90000}